"Month","Date","Hour","temperature","humidity"
5,12,0,26,85
5,12,10,32.2,78
5,12,22,25.3,84
5,13,0,24.9,88
5,13,2,24.9,86
5,13,3,24.8,87
5,13,6,25.1,83
5,13,8,25.9,80
5,13,18,26.1,80
5,14,4,22.9,92
5,14,6,22.8,88
5,14,10,24.1,78
5,14,16,25.7,67
5,14,22,24.5,71
5,15,3,24.6,80
5,15,6,24.7,82
5,15,11,25.5,71
5,15,12,25.6,71
5,15,17,22.8,80
5,15,18,21.9,81
5,15,19,20.3,85
5,16,10,19.4,85
5,16,13,19.5,79
5,16,14,19.7,80
5,16,15,19.8,82
5,16,21,20,84
5,17,0,19.5,90
5,17,3,19.2,92
5,17,5,19.3,90
5,17,6,19.9,87
5,17,8,22.6,79
5,17,10,25.9,70
5,17,12,27.5,68
5,17,17,26,69
5,17,19,23.1,75
5,17,21,22.3,80
5,18,5,21,82
5,18,10,26.7,71
5,18,13,26.9,67
5,18,15,26.1,65
5,18,16,26.2,65
5,18,17,25.6,68
5,19,0,23.6,78
5,19,4,23.3,84
5,19,12,28.5,63
5,20,2,24,85
5,20,10,28.1,70
5,20,13,28.9,68
5,20,16,29.8,68
5,20,20,25.5,78
5,20,22,24.4,80
5,21,1,23.8,80
5,21,4,23.2,84
5,21,11,26.6,70
5,21,12,27.3,66
5,21,13,27.4,65
5,21,23,24.7,72
5,22,16,28.7,60
5,23,4,25.5,79
5,23,6,25.9,80
5,23,12,30.2,65
5,23,16,30.1,62
5,23,19,26.4,70
5,23,21,26,71
5,24,2,24.2,75
5,12,5,26.1,88
5,12,9,30,78
5,12,14,35.1,74
5,12,17,31.8,80
5,12,20,26,84
5,13,1,24.7,88
5,13,9,26.5,81
5,13,10,27.2,77
5,13,15,28.9,71
5,13,16,28.2,74
5,13,17,27.2,77
5,13,20,25.3,84
5,14,11,24.5,73
5,14,13,25.3,68
5,14,19,25.5,68
5,14,21,24.9,71
5,15,2,24.6,80
5,15,8,25.3,77
5,15,9,25.4,77
5,15,14,25.1,74
5,15,15,24.4,73
5,15,16,23.8,78
5,15,20,20.3,85
5,15,23,20,90
5,16,0,19.9,90
5,16,2,19.6,92
5,16,8,19.1,88
5,16,11,19.4,83
5,16,12,19.5,82
5,16,16,19.9,82
5,16,20,20.2,84
5,17,7,20.8,83
5,17,11,26.7,69
5,17,14,28,64
5,17,16,27.4,66
5,17,23,21.7,82
5,18,11,26.7,68
5,18,18,25.1,70
5,18,20,24.2,70
5,19,5,23.6,84
5,19,6,24.3,82
5,19,8,26.3,77
5,19,9,26.8,73
5,19,16,29,60
5,19,21,24.9,75
5,20,1,24,82
5,20,8,27,73
5,20,18,27.1,73
5,20,21,25,79
5,21,0,23.9,81
5,21,6,23.5,84
5,21,8,24.2,79
5,21,15,27.7,60
5,21,18,25.7,68
5,22,0,24.7,73
5,22,2,24.7,77
5,22,6,24.4,78
5,22,7,24.3,78
5,22,10,26.6,69
5,22,11,27.4,66
5,22,12,28.6,65
5,22,17,27.7,63
5,22,18,26.8,62
5,22,20,25.8,65
5,23,2,25.3,78
5,24,6,23.9,74
5,24,10,25.8,66
5,24,12,25.2,66
5,24,19,24.1,73
5,24,20,24.2,74
5,24,23,24.4,76
5,25,0,24.2,76
5,25,5,23.5,79
5,25,6,23.7,78
5,25,7,23.8,75
5,25,14,31.6,60
5,25,15,30.2,64
5,26,0,25.3,77
5,26,2,25.4,76
5,26,10,31,66
5,26,12,31.3,65
5,26,15,32.2,66
5,27,4,26.1,76
5,27,7,27.9,74
5,27,15,32.7,67
5,28,1,27,74
5,28,3,26.9,79
5,28,13,32.7,66
5,28,15,32.7,68
5,28,20,27.6,74
5,29,2,26.5,80
5,29,9,30.4,73
5,29,15,33.5,66
5,29,17,31.6,64
5,30,12,31.2,68
5,30,14,31,67
5,30,19,27.1,70
5,30,22,26.7,75
5,30,23,26.6,77
5,31,5,25.9,80
5,31,6,26.6,79
5,31,12,30.1,70
5,31,14,29.9,70
5,31,18,28.6,75
6,1,2,26.2,80
6,1,3,26.1,79
6,1,4,26,81
6,1,5,26.2,80
6,1,6,27.1,82
6,1,8,29.4,77
6,1,14,32.7,65
6,1,15,32.5,66
5,24,1,24.4,75
5,24,14,25.2,67
5,24,18,24.4,70
5,24,21,24.3,74
5,25,1,24,80
5,25,4,23.5,79
5,25,8,24.7,75
5,25,12,29.7,63
5,25,18,28.1,70
5,25,20,26.2,72
5,25,22,25.3,75
5,26,1,25.4,77
5,26,5,25.4,79
5,26,6,26.5,77
5,26,8,28.7,73
5,26,13,32,63
5,26,16,31.5,64
5,26,20,27.1,73
5,26,21,26.9,73
5,26,22,26.7,75
5,27,5,26.3,78
5,27,10,31.8,68
5,27,17,30.1,66
5,27,18,28.8,69
5,27,22,27.7,72
5,28,2,26.9,78
5,28,4,26.9,81
5,28,12,33.2,66
5,28,21,27.4,74
5,28,23,26.8,80
5,29,3,26.4,82
5,29,7,28.1,78
5,29,16,33.4,65
5,29,19,27.9,67
5,29,21,27.1,73
5,29,22,26.8,77
5,29,23,26.7,77
5,30,0,26.7,77
5,30,6,27.2,77
5,30,8,29.4,78
5,30,17,30.5,67
5,30,21,26.8,75
5,31,7,27,76
5,31,16,29.7,70
5,31,19,28,75
6,1,10,30.8,72
6,1,12,32.3,66
5,12,1,26,86
5,12,2,26,86
5,12,3,26,86
5,12,4,26,84
5,12,6,26.6,80
5,12,8,28.4,77
5,12,13,35.6,75
5,12,15,34.5,75
5,12,18,29.7,82
5,12,21,25.7,85
5,12,23,25.1,84
5,13,5,24.8,86
5,13,11,28.2,75
5,13,12,29.4,75
5,13,13,29.7,74
5,13,14,29.6,71
5,14,0,24.2,87
5,14,1,24.1,86
5,14,2,23.7,90
5,14,5,22.8,88
5,14,7,23,83
5,14,8,23.4,81
5,14,12,25,70
5,14,17,25.2,65
5,14,18,24.7,66
5,14,20,25.2,68
5,15,0,24.6,74
5,15,1,24.6,74
5,15,7,24.9,81
5,15,10,25.8,75
5,15,13,25.5,70
5,16,1,19.7,91
5,16,5,19.2,91
5,16,17,19.8,81
5,16,18,19.6,83
5,17,4,19.2,90
5,17,13,28.2,63
5,17,18,24.4,72
5,17,22,21.9,83
5,18,0,21.6,86
5,18,4,20.8,86
5,18,7,22.7,77
5,18,8,24.3,76
5,18,12,26.8,67
5,18,14,27.1,63
5,18,19,24.4,70
5,18,21,24.1,75
5,19,2,23.2,83
5,19,13,28.8,64
5,19,14,28.7,63
5,19,15,28.5,64
5,19,18,26.7,68
5,19,20,25.3,70
5,20,0,24,82
5,20,4,24,82
5,20,6,25.4,77
5,20,9,27.7,70
5,20,11,28.1,70
5,20,14,29.8,69
5,20,17,28.6,70
5,20,23,24.1,80
5,21,2,23.6,83
5,21,14,27.9,60
5,21,20,24.6,72
5,21,22,24.5,72
5,12,7,26.9,77
5,12,11,33.5,77
5,12,12,34.6,75
5,12,16,33.7,78
5,12,19,26.4,84
5,13,4,24.8,86
5,13,7,25.3,83
5,13,19,25.6,83
5,13,21,25,84
5,13,22,24.6,87
5,13,23,24.4,87
5,14,3,23.3,89
5,14,9,23.7,77
5,14,14,25.5,68
5,14,15,25.6,68
5,14,23,24.6,72
5,15,4,24.5,84
5,15,5,24.5,80
5,15,21,20.2,86
5,15,22,20.2,86
5,16,3,19.4,90
5,16,4,19.3,90
5,16,6,19.1,91
5,16,7,19,90
5,16,9,19.2,87
5,16,19,20.5,83
5,16,22,19.7,88
5,16,23,19.6,88
5,17,1,19.3,90
5,12,2,19.2,91
5,17,9,24.2,73
5,17,15,27.8,64
5,17,20,22.7,80
5,18,1,21.6,85
5,18,2,21.3,83
5,18,3,21,84
5,18,6,21.9,80
5,18,9,25.7,74
5,18,22,24.1,75
5,18,23,24.1,75
5,19,1,23.3,82
5,19,3,23,85
5,19,7,25,79
5,19,10,27.7,68
5,19,11,28.1,65
5,19,17,28,63
5,19,19,25.8,71
5,19,22,24.5,77
5,19,23,24.2,80
5,20,3,24.1,86
5,20,5,24.4,80
5,20,7,26.3,76
5,20,12,28.7,69
5,20,15,29.9,68
5,20,19,25.9,77
5,21,3,23.4,82
5,21,5,23.2,84
5,21,7,23.7,84
5,21,9,24.8,77
5,21,10,25.5,74
5,21,16,27.4,62
5,21,17,26.7,66
5,21,19,24.7,71
5,21,21,24.5,72
5,22,1,24.7,75
5,22,5,24.4,78
5,22,9,25.5,72
5,22,13,29.2,61
5,22,15,28.8,61
5,22,21,25.6,70
5,23,3,25.3,78
5,23,7,26.2,79
5,23,8,27.2,77
5,23,10,28.9,70
5,23,11,29.5,66
5,23,14,31,60
5,23,17,28.5,62
5,23,18,27.3,68
5,23,20,26.2,71
5,23,22,25.6,73
5,24,0,24.8,75
5,24,3,24,77
5,24,4,23.9,77
5,24,5,23.7,75
5,24,8,24.9,70
5,24,11,25.2,68
5,24,13,25.1,67
5,24,22,24.4,76
5,25,2,23.8,81
5,25,9,25.9,72
5,25,13,30.7,60
5,25,21,25.8,71
5,26,3,25.3,78
5,26,4,25.2,78
5,26,11,30.7,66
5,27,3,26.2,76
5,27,9,30.6,70
5,27,11,31.6,68
5,27,12,33.8,66
5,27,14,33.8,66
5,27,19,28.7,70
5,27,20,28.4,70
5,27,21,28,70
5,28,0,27.3,72
5,28,6,27.7,79
5,28,10,31.8,70
5,28,11,31.4,70
5,28,14,33.4,66
5,28,16,31.8,68
5,28,17,30.3,69
5,28,18,28.7,72
5,28,22,27,77
5,29,0,26.8,80
5,29,6,27.3,79
5,29,10,31.3,69
5,29,11,30.9,68
5,29,13,32.1,66
5,29,18,29.5,68
5,29,20,27.5,69
5,30,2,26.4,80
5,30,3,26.3,81
5,30,5,26.2,79
5,30,9,29.7,73
5,30,18,28.9,69
5,31,1,26.4,80
5,31,3,26.1,81
5,31,8,28.3,72
5,31,11,29.7,70
5,31,13,30.3,70
5,22,3,24.5,80
5,22,4,24.5,79
5,22,8,24.9,74
5,22,14,29,61
5,22,19,26,65
5,22,22,25.4,73
5,22,23,25.3,73
5,23,0,25.2,77
5,23,1,25.1,77
5,23,5,25.4,79
5,23,9,28.1,74
5,23,13,30.1,65
5,23,15,30.6,60
5,23,23,25.2,73
5,24,7,24,74
5,24,9,25.5,66
5,24,15,25.2,67
5,24,16,25.2,67
5,24,17,24.8,70
5,25,3,23.7,79
5,25,10,27.5,67
5,25,11,29.6,68
5,25,16,30.9,64
5,25,17,29.7,68
5,25,19,26.6,70
5,25,23,25.2,73
5,26,7,27.3,73
5,26,9,30,70
5,26,14,32.8,66
5,26,17,30.2,68
5,26,18,28.7,70
5,26,19,27.2,71
5,26,23,26.6,75
5,27,0,26.3,75
5,27,1,26.3,75
5,27,2,26.3,74
5,27,6,27.3,74
5,27,8,29.3,74
5,27,13,33.8,66
5,27,16,31.3,67
5,27,23,27.5,72
5,28,5,26.9,79
5,28,7,28.3,79
5,28,8,29.6,77
5,28,9,30.8,75
5,28,19,27.9,74
5,29,1,26.7,80
5,29,4,26.2,82
5,29,5,26.4,81
5,29,8,29.3,77
5,29,12,32.6,66
5,29,14,33.4,66
5,30,1,26.6,80
5,30,4,26.1,79
5,30,7,28,77
5,30,10,30.6,72
5,30,11,30.9,70
5,30,13,31.8,68
5,30,15,31.4,66
5,30,16,31.7,66
5,30,20,26.9,74
5,31,0,26.5,80
5,31,2,26.2,80
5,31,4,26,81
5,31,20,27.6,77
5,31,21,27.2,77
5,31,22,26.9,79
5,31,23,26.8,80
6,1,18,30.2,68
6,1,19,28.4,69
5,31,9,29.6,70
5,31,10,30.7,68
5,31,15,29.4,71
5,31,17,29.3,71
6,1,0,26.6,80
6,1,1,26.3,80
6,1,7,27.9,79
6,1,9,29.8,77
6,1,11,31.6,70
6,1,13,33,66
6,1,16,33.7,66
6,1,17,32.1,65
6,2,1,27.2,80
6,2,6,27.7,77
6,2,8,29.9,70
6,2,10,33,66
6,2,13,36.6,63
6,2,20,29,70
6,2,22,28.6,72
6,2,23,28.4,73
6,3,0,28.1,76
6,3,2,28.1,80
6,3,6,27.8,78
6,3,13,31.2,63
6,3,14,31.1,63
6,3,15,31,64
6,3,20,30.2,72
6,4,1,28.3,77
6,4,12,36.4,66
6,4,18,32.9,68
6,4,19,31.1,70
6,4,20,30.3,68
6,5,2,27.6,80
6,5,10,35.2,66
6,5,13,37.6,60
6,5,14,37.7,60
6,5,20,30.8,65
6,5,22,29.2,70
6,6,2,28.3,74
6,6,13,33.5,63
6,6,14,32.4,63
6,6,17,29.5,65
6,6,18,28.2,69
6,6,19,27.1,70
6,6,20,27,70
6,7,5,24.9,79
6,7,6,25,79
6,7,8,25.4,80
6,7,11,26.9,75
6,7,18,27.1,67
6,8,1,25.1,77
6,8,5,25.4,80
6,8,7,27.1,78
6,8,8,28.4,75
6,8,10,30.8,67
6,8,15,31.8,66
6,8,16,31.6,63
6,8,18,29.1,65
6,8,23,26.6,80
6,9,1,26.6,82
6,9,4,26.1,80
6,9,6,27.2,78
6,9,7,27.9,78
6,9,9,30.4,70
6,9,11,31.4,67
6,9,13,32.5,66
6,9,14,33.2,66
6,9,15,32.7,66
6,9,18,30.6,65
6,9,19,28.8,67
6,9,23,27.7,80
6,10,0,27.7,80
6,10,6,28.1,78
6,10,8,30.1,75
6,10,10,32.5,67
6,10,13,33,66
6,10,19,28.8,67
6,10,20,28.4,70
6,11,5,26.6,80
6,11,20,28.6,70
6,11,22,28.2,77
6,12,1,27.6,82
6,12,5,27.4,80
6,12,20,28.1,70
6,13,1,27,80
6,13,3,26.8,82
6,13,21,28.9,75
6,14,1,25.4,79
6,14,2,25.3,80
6,14,4,25.2,80
6,14,5,25.1,79
6,14,13,28.8,70
6,14,15,28.9,69
6,14,18,26.6,67
6,14,19,25.6,70
6,15,4,24.2,82
6,15,8,24.5,73
6,15,12,25.9,69
6,15,23,26.3,80
6,16,0,26.1,77
6,16,2,25.4,78
6,16,3,25.1,76
6,16,5,25.2,75
6,16,6,26.1,74
6,16,7,26.4,74
6,16,11,33.1,68
6,16,14,35,66
6,16,17,32.5,66
6,17,1,27.9,74
6,17,4,26.8,76
6,17,6,27.9,74
6,17,8,30.3,74
6,17,14,36.8,66
6,17,18,32.7,69
6,17,21,30.1,70
6,18,3,27.4,72
6,18,5,27.5,70
6,18,7,28.3,68
6,18,9,29.7,67
6,18,11,31.8,63
6,18,16,36.1,61
6,18,19,31.2,65
6,18,20,30.7,66
6,19,6,28.7,70
6,19,7,29.8,68
6,19,13,38.3,60
6,19,21,31.1,64
6,19,23,30,70
6,20,3,28.4,68
6,20,6,29.7,68
6,20,8,32.8,66
6,20,13,38.7,60
6,20,17,36.2,63
6,20,18,33.9,66
6,20,19,31.9,66
6,20,20,31.5,69
6,20,21,31.2,70
6,20,22,30.8,70
6,20,23,30.2,70
6,21,4,28.4,65
6,21,9,35.1,70
6,2,0,27.4,80
6,2,2,27.3,80
6,2,17,34.6,66
6,3,1,27.9,77
6,3,3,27.9,80
6,3,9,28.7,73
6,3,11,29.5,68
6,3,16,30.8,64
6,4,9,33.5,66
6,4,14,37.3,64
6,4,15,37.2,64
6,4,16,36.8,66
6,4,21,29.5,72
6,5,4,26.8,80
6,5,7,29.4,70
6,5,8,31.4,68
6,5,9,33.3,66
6,5,12,37,63
6,5,15,37.6,58
6,5,16,37.4,57
6,5,17,35.6,58
6,5,19,31.7,63
6,5,23,29.1,70
6,6,3,27.9,74
6,6,5,27.2,75
6,6,6,28.3,73
6,6,7,29,70
6,6,22,26.7,72
6,6,23,26.7,74
6,7,0,26.3,75
6,7,9,25.6,79
6,7,10,25.9,79
6,7,14,29.3,70
6,7,15,28.9,69
6,7,16,28.6,69
6,7,19,26.6,70
6,7,20,26.4,70
6,8,6,26.3,78
6,8,11,30.6,67
6,8,12,31.5,65
6,8,21,26.7,75
6,8,22,26.6,77
6,9,3,26.3,82
6,9,8,29.1,75
6,10,12,33.8,65
6,10,15,33.3,66
6,10,16,33.5,63
6,10,23,27.6,80
6,11,2,27.5,82
6,11,4,26.8,80
6,11,8,28.8,75
6,11,11,31.1,67
6,11,15,30,66
6,11,17,28.6,63
6,11,21,28.4,75
6,12,8,28.9,75
6,12,9,29.5,70
6,12,13,32.8,66
6,12,14,32.9,66
6,12,15,33,66
6,12,19,28.1,67
6,13,2,26.8,82
6,13,7,29,78
6,13,13,35.2,66
6,13,16,35.8,63
6,21,11,38.3,68
6,21,17,35.4,65
6,21,21,31.4,70
6,21,22,31.2,68
6,1,21,27.9,72
6,1,23,27.6,77
6,2,5,26.7,78
6,2,11,34.3,65
6,2,12,35.5,65
6,2,14,36.7,63
6,2,15,35.2,64
6,2,21,28.8,72
6,3,4,27.7,80
6,3,5,27.6,79
6,3,7,28.2,75
6,3,8,28.5,73
6,3,10,28.8,70
6,3,17,30.2,66
6,3,18,29.3,67
6,3,19,30.3,70
6,3,21,30.1,75
6,3,22,30,75
6,3,23,29.5,75
6,4,0,28.9,75
6,4,3,27.7,80
6,4,4,27.5,79
6,4,5,27.4,79
6,4,7,29.7,72
6,4,8,31.8,70
6,4,17,35,65
6,4,23,28.2,74
6,5,1,27.8,77
6,5,3,27.2,80
6,5,6,28.5,75
6,5,11,36.2,65
6,5,21,30,68
6,6,0,28.9,72
6,6,1,28.8,72
6,6,4,27.3,75
6,6,10,33.7,66
6,6,11,32.7,65
6,6,12,33.1,66
6,6,15,31.1,60
6,7,1,26,75
6,7,12,28.1,70
6,7,17,27.7,69
6,7,22,26,73
6,7,23,25.7,74
6,8,4,25.2,80
6,8,9,29.6,70
6,8,13,32.3,66
6,8,17,31,63
6,9,5,26.3,80
6,9,21,28.2,75
6,10,1,27.6,82
6,10,2,27.6,80
6,10,4,27.3,80
6,10,7,28.7,78
6,10,9,31.3,70
6,10,11,33.2,67
6,10,22,27.6,77
6,11,3,27.1,82
6,11,9,30,70
6,11,14,30.4,66
6,11,16,29.5,63
6,11,18,27.7,65
6,11,23,28.1,80
6,12,0,27.8,80
6,12,7,28.2,78
6,13,23,27.4,80
6,14,6,25.1,79
6,14,7,25.3,80
6,15,1,24.6,80
6,15,3,24.4,83
6,15,6,24.3,77
6,15,7,24.3,76
6,15,11,25.3,70
6,15,14,26.8,69
6,15,16,27.6,68
6,15,21,26.2,79
6,15,22,26.3,80
6,16,1,25.9,77
6,16,13,34.3,66
6,16,18,30.9,69
6,16,22,28.1,72
6,17,0,28,73
6,17,9,32,70
6,17,12,35.9,66
6,17,13,36.9,65
6,18,1,28.1,73
6,18,12,33.7,62
6,18,22,29.7,68
6,19,0,28.7,72
6,19,1,28.3,74
6,19,8,31.7,67
6,19,9,33.6,66
6,19,12,37.6,61
6,19,16,37.9,56
6,19,18,34,57
6,19,22,30.6,66
6,20,1,28.9,71
6,20,9,34.8,62
6,21,1,29.2,70
6,21,2,28.9,70
6,21,8,32.9,69
6,21,13,39.6,67
6,21,14,38.9,67
6,21,19,31.9,70
6,12,10,30.1,67
6,12,12,31.9,65
6,12,17,32,63
6,12,22,28.3,77
6,12,23,27.7,80
6,13,8,30.4,75
6,13,9,31.7,70
6,13,10,33.1,67
6,13,12,35.2,65
6,13,19,30,67
6,14,3,25.3,80
6,14,8,25.9,80
6,14,9,26.5,79
6,14,10,27.1,79
6,14,11,27.6,75
6,14,12,28.4,70
6,14,14,29,70
6,14,16,28.8,69
6,14,22,24.7,75
6,14,23,24.7,77
6,15,0,24.6,78
6,15,2,24.5,83
6,15,5,24.1,80
6,15,10,24.9,70
6,15,13,26.3,68
6,15,15,27.2,68
6,15,17,27,70
6,15,18,26.3,73
6,15,19,26.5,77
6,16,9,29.9,70
6,16,19,29.4,70
6,16,23,28,72
6,17,2,27.5,74
6,17,5,26.7,75
6,17,7,28.5,74
6,17,11,34.8,68
6,17,17,34.5,66
6,17,20,30.6,70
6,17,22,29.6,72
6,17,23,29,72
6,18,0,28.5,70
6,18,4,27.1,73
6,18,10,30.2,66
6,18,17,34.5,60
6,18,21,30.2,66
6,18,23,29.1,70
6,19,2,27.8,73
6,19,14,38.4,57
6,19,15,36.7,55
6,19,17,36.1,56
6,19,19,32.2,57
6,19,20,31.6,60
6,20,2,28.7,71
6,20,7,30.7,67
6,20,10,36.8,60
6,20,11,37.7,58
6,20,12,38.2,58
6,20,14,38.7,60
6,21,5,28.3,60
6,21,7,30.6,68
6,21,12,39,68
6,21,18,33.5,70
6,1,20,28.1,70
6,1,22,27.7,75
6,2,3,27.1,79
6,2,4,26.9,78
6,2,7,28.3,73
6,2,9,31.4,69
6,2,16,36.5,64
6,2,18,32.3,67
6,2,19,29.2,70
6,3,12,30.2,65
6,4,2,28,80
6,4,6,28.8,75
6,4,10,34.8,64
6,4,11,35.6,66
6,4,13,37.3,66
6,4,22,28.7,72
6,5,0,28.1,75
6,5,5,26.9,79
6,5,18,33.7,60
6,6,8,30.7,69
6,6,9,32.2,66
6,6,16,30.7,65
6,6,21,26.9,71
6,7,2,25.7,77
6,7,3,25.4,80
6,7,4,25,80
6,7,7,25,80
6,7,13,29.3,70
6,7,21,26.2,72
6,8,0,25.4,77
6,8,2,25.1,80
6,8,3,25.1,80
6,8,14,31.9,66
6,8,19,27.4,67
6,8,20,27,70
6,9,0,26.6,80
6,9,2,26.4,80
6,9,10,30.8,67
6,9,12,32.2,65
6,9,16,33.9,63
6,9,17,32.4,63
6,9,20,28.5,70
6,9,22,27.8,77
6,10,3,27.4,82
6,10,5,27.2,80
6,10,14,34.3,66
6,10,17,32,63
6,10,18,30.5,65
6,10,21,28,75
6,11,0,28.4,78
6,11,1,27.9,80
6,11,6,27,78
6,11,7,27.4,78
6,11,10,31.3,67
6,11,12,30.9,65
6,11,13,30.7,66
6,11,19,28.7,67
6,12,2,27.5,80
6,12,3,27.4,82
6,12,4,27.4,80
6,12,6,27.8,78
6,12,11,31.1,67
6,12,16,33,63
6,12,18,30.7,65
6,12,21,28.2,75
6,13,0,27.3,78
6,13,4,26.8,80
6,13,5,26.9,80
6,13,6,28.1,78
6,13,11,34.1,67
6,13,14,36,66
6,13,15,35.2,66
6,13,17,34.2,63
6,13,18,32.4,65
6,13,20,29.5,70
6,13,22,28.4,77
6,14,0,26.4,79
6,14,17,27.8,69
6,14,20,25.4,70
6,14,21,25.1,72
6,15,9,24.7,70
6,15,20,26.3,78
6,16,4,24.9,76
6,16,8,28.1,74
6,16,10,31.8,68
6,16,12,34.3,66
6,16,15,34.5,67
6,16,16,33.9,67
6,16,20,29,70
6,16,21,28.6,70
6,17,3,27.2,76
6,17,10,33.6,68
6,17,15,36.5,67
6,17,16,36.1,67
6,17,19,31,70
6,18,2,27.7,75
6,18,6,28,68
6,18,8,29.1,66
6,18,13,35.5,60
6,18,14,35.9,60
6,18,15,36,61
6,18,18,32.8,63
6,19,3,27.3,74
6,19,4,26.8,71
6,19,5,27.1,70
6,19,10,35.6,63
6,19,11,36.8,63
6,20,0,29.4,69
6,20,4,28.2,69
6,20,5,28.2,67
6,20,15,38.6,62
6,20,16,38.3,63
6,21,0,29.7,69
6,21,3,28.6,72
6,21,6,29.6,66
6,21,10,37.3,69
6,21,15,38.1,65
6,21,16,37.1,62
6,21,20,31.6,70
6,21,23,30.8,71
6,22,0,31.8,52
6,22,1,29.6,52
6,22,2,29.3,52
6,22,3,28.9,64
6,22,4,28.6,67
6,22,5,28.6,70
6,22,6,29.8,71
6,22,7,30.7,71
6,22,8,32.8,71
6,22,9,34,72
6,22,10,35.5,63
6,22,11,36.6,60
6,22,12,37.7,60
6,22,13,37.5,57
6,22,14,37.8,57
6,22,15,36.9,60
6,22,16,35.8,57
6,22,17,34,59
6,22,18,31.9,65
6,22,19,30,67
6,22,20,29.8,70
6,22,21,29.7,70
6,22,22,29.6,73
6,22,23,29.4,77
6,23,0,29.5,77
6,23,1,29.5,78
6,23,2,29.1,79
6,23,3,28.9,80
6,23,4,28.7,79
6,23,5,28.9,80
6,23,6,29.8,79
6,23,7,30.8,75
6,23,8,32.2,73
6,23,9,33.4,73
6,23,10,34.6,69
6,23,11,34.3,68
6,23,12,36.3,66
6,23,13,35.9,66
6,23,14,35.2,62
6,23,15,35.5,60
6,23,16,34.5,61
6,23,17,33,65
6,23,18,31.3,68
6,23,19,29.4,70
6,23,20,29.1,71
6,23,21,28.7,74
6,23,22,28.4,74
6,23,23,28.1,77
6,24,0,27.8,78
6,24,1,27.6,80
6,24,2,27.1,80
6,24,3,26.8,80
6,24,4,26.6,79
6,24,5,26.8,79
6,24,6,28.4,76
6,24,7,29.5,75
6,24,8,30.9,70
6,24,9,31.3,68
6,24,10,31.7,66
6,24,11,31.9,65
6,24,12,32.9,63
6,24,13,33,60
6,24,14,32.9,60
6,24,15,32.6,59
6,24,16,32.1,57
6,24,17,31.6,60
6,24,18,30.1,63
6,24,19,28.9,65
6,24,20,28.6,69
6,24,21,28.2,72
6,24,22,27.9,75
6,24,23,27.6,76
6,25,0,27.2,76
6,25,1,26.9,79
6,25,2,26.6,80
6,25,3,26.5,80
6,25,4,26.4,79
6,25,5,26.6,79
6,25,6,28.2,75
6,25,7,29.3,74
6,25,8,30.2,70
6,25,9,31.3,67
6,25,10,32.4,67
6,25,11,33,63
6,25,12,33.6,60
6,25,13,34.1,59
6,25,14,34.7,59
6,25,15,34.2,55
6,25,16,33.6,56
6,25,17,32.2,60
6,25,18,30.6,65
6,25,19,28.7,68
6,25,20,28.4,69
6,25,21,28.2,69
6,25,22,27.9,71
6,25,23,27.6,73
6,26,0,27.1,75
6,26,1,26.8,77
6,26,2,26.7,77
6,26,3,26.6,80
6,26,4,26.4,79
6,26,5,26.7,79
6,26,6,28.3,77
6,26,7,29.6,75
6,26,8,31.3,70
6,26,9,33,66
6,26,10,34.5,65
6,26,11,35.7,60
6,26,12,36.7,57
6,26,13,36.5,57
6,26,14,36.2,57
6,26,15,36.7,55
6,26,16,36.1,57
6,26,17,34.2,60
6,26,18,32.1,63
6,26,19,29.6,65
6,26,20,29.4,65
6,26,21,29.3,65
6,26,22,29.1,70
6,26,23,28.9,70
6,27,0,28.7,74
6,27,1,28.5,75
6,27,2,28.3,75
6,27,3,28.1,77
6,27,4,27.8,78
6,27,5,27.7,78
6,27,6,28.8,76
6,27,7,29.6,75
6,27,8,31.5,72
6,27,9,33.3,71
6,27,10,35,68
6,27,11,36.3,63
6,27,12,37.6,60
6,27,13,38.6,58
6,27,14,38.5,56
6,27,15,38.2,55
6,27,16,37.7,56
6,27,17,35.7,58
6,27,18,33.4,59
6,27,19,30.8,63
6,27,20,30.4,63
6,27,21,30,67
6,27,22,29.7,68
6,27,23,29.5,70
6,28,0,29.2,70
6,28,1,28.9,71
6,28,2,28.5,71
6,28,3,28.3,72
6,28,4,28.1,75
6,28,5,28.2,74
6,28,6,29.5,73
6,28,7,30.4,70
6,28,8,32.6,68
6,28,9,34.6,65
6,28,10,36.6,63
6,28,11,37.6,60
6,28,12,38.5,58
6,28,13,39.4,55
6,28,14,39.2,53
6,28,15,39,53
6,28,16,38.7,54
6,28,17,36.6,56
6,28,18,34.2,60
6,28,19,33.5,63
6,28,20,32.5,64
6,28,21,31.7,70
6,28,22,30.8,71
6,28,23,30.1,72
6,29,0,29.4,74
6,29,1,29.1,74
6,29,2,28.9,75
6,29,3,28.7,75
6,29,4,28.4,76
6,29,5,28.5,76
6,29,6,29.8,75
6,29,7,30.6,74
6,29,8,31.9,70
6,29,9,33.1,68
6,29,10,34.2,67
6,29,11,35.4,67
6,29,12,36.6,63
6,29,13,36.6,60
6,29,14,37.4,57
6,29,15,36.2,58
6,29,16,36.6,59
6,29,17,35.2,60
6,29,18,33.7,63
6,29,19,31.4,66
6,29,20,30.7,67
6,29,21,29.9,69
6,29,22,29.3,70
6,29,23,29.3,72
6,30,0,29.3,74
6,30,1,29.1,74
6,30,2,29,74
6,30,3,28.8,75
6,30,4,28.6,76
6,30,5,28.4,75
6,30,6,29,72
6,30,7,29.4,70
6,30,8,31,69
6,30,9,32.4,66
6,30,10,33.6,63
6,30,11,32.5,63
6,30,12,32.5,63
6,30,13,32.5,63
6,30,14,31.7,65
6,30,15,30.7,67
6,30,16,29.6,69
6,30,17,29.1,70
6,30,18,28.4,72
6,30,19,28.8,70
6,30,20,28.5,72
6,30,21,28.2,74
6,30,22,28,75
6,30,23,27.9,77
7,1,0,27.8,80
7,1,1,27.7,80
7,1,2,27.4,79
7,1,3,27.3,81
7,1,4,27.2,80
7,1,5,27.3,79
7,1,6,28.2,77
7,1,7,29,75
7,1,8,29.7,73
7,1,9,29.8,73
7,1,10,31,70
7,1,11,31,67
7,1,12,31.2,66
7,1,13,31.3,66
7,1,14,31.6,65
7,1,15,31.1,65
7,1,16,30.4,67
7,1,17,30,68
7,1,18,29.4,70
7,1,19,28.5,72
7,1,20,28.4,73
7,1,21,28.2,73
7,1,22,27.8,76
7,1,23,27.6,76
7,2,0,27.3,79
7,2,1,27,80
7,2,2,26.9,82
7,2,3,26.9,82
7,2,4,26.8,82
7,2,5,26.8,81
7,2,6,28,79
7,2,7,28.8,75
7,2,8,30.7,70
7,2,9,32.5,67
7,2,10,34.4,63
7,2,11,35.5,60
7,2,12,34.6,59
7,2,13,35.2,55
7,2,14,35.3,56
7,2,15,35.2,56
7,2,16,35.2,55
7,2,17,33.6,57
7,2,18,30.9,63
7,2,19,28.2,65
7,2,20,28.4,67
7,2,21,28.3,67
7,2,22,28.1,70
7,2,23,28.3,71
7,3,0,28.3,71
7,3,1,28.4,74
7,3,2,28.2,74
7,3,3,28.1,73
7,3,4,28,75
7,3,5,28,74
7,3,6,28.8,72
7,3,7,29.3,69
7,3,8,30.5,65
7,3,9,31.5,64
7,3,10,32.4,63
7,3,11,33.9,61
7,3,12,35.4,60
7,3,13,35.4,57
7,3,14,36.4,55
7,3,15,36.1,53
7,3,16,35.5,55
7,3,17,33.9,56
7,3,18,32.2,59
7,3,19,30.6,61
7,3,20,30.2,65
7,3,21,29.9,67
7,3,22,29.6,68
7,3,23,29,70
7,4,0,28.7,71
7,4,1,28.6,71
7,4,2,28.7,73
7,4,3,28.5,74
7,4,4,28.4,75
7,4,5,28.3,75
7,4,6,29,74
7,4,7,29.7,72
7,4,8,31.3,68
7,4,9,32.8,63
7,4,10,34.3,60
7,4,11,35.5,58
7,4,12,36.5,54
7,4,13,36.1,55
7,4,14,36.7,53
7,4,15,36.1,52
7,4,16,35.1,54
7,4,17,33.8,57
7,4,18,32.4,60
7,4,19,31,62
7,4,20,30.6,63
7,4,21,30.1,66
7,4,22,29.6,67
7,4,23,29.2,69
7,5,0,29.2,71
7,5,1,29.1,74
7,5,2,28.9,75
7,5,3,28.8,74
7,5,4,28.6,74
7,5,5,28.6,74
7,5,6,29.3,72
7,5,7,30,69
7,5,8,31.5,65
7,5,9,33,63
7,5,10,34.5,60
7,5,11,35.6,58
7,5,12,36.6,55
7,5,13,36,53
7,5,14,36.6,53
7,5,15,35.9,53
7,5,16,33.9,54
7,5,17,32.9,53
7,5,18,31.9,57
7,5,19,31,59
7,5,20,29.8,61
7,5,21,29,65
7,5,22,28.7,70
7,5,23,28.7,72
7,6,0,27.7,75
7,6,1,27.1,77
7,6,2,26.8,80
7,6,3,26.5,79
7,6,4,26.2,80
7,6,5,26.1,82
7,6,6,26.7,79
7,6,7,26.6,78
7,6,8,27.2,75
7,6,9,28.4,70
7,6,10,29,69
7,6,11,30,65
7,6,12,30.5,65
7,6,13,30.1,66
7,6,14,30.9,64
7,6,15,30.9,64
7,6,16,30.6,63
7,6,17,29.8,65
7,6,18,29,67
7,6,19,28.1,70
7,6,20,27.9,71
7,6,21,27.7,73
7,6,22,27.5,77
7,6,23,27.3,80
7,7,0,27.1,79
7,7,1,26.9,79
7,7,2,26.6,80
7,7,3,26.4,78
7,7,4,25.7,79
7,7,5,26.1,75
7,7,6,27.2,74
7,7,7,28,70
7,7,8,28.8,68
7,7,9,29.4,67
7,7,10,30.1,66
7,7,11,29.9,70
7,7,12,29.6,71
7,7,13,29.3,74
7,7,14,29.4,78
7,7,15,29.5,75
7,7,16,29.6,76
7,7,17,29.3,78
7,7,18,28.9,77
7,7,19,28.5,79
7,7,20,28.1,81
7,7,21,27.9,80
7,7,22,27.7,79
7,7,23,27.1,81
7,8,0,26,80
7,8,1,25.6,82
7,8,2,25.4,80
7,8,3,25.2,80
7,8,4,25,83
7,8,5,24.7,79
7,8,6,25.4,75
7,8,7,25.7,74
7,8,8,27.1,70
7,8,9,28.3,68
7,8,10,29.4,67
7,8,11,30.2,66
7,8,12,31,64
7,8,13,30.7,67
7,8,14,30.7,67
7,8,15,30.5,67
7,8,16,31.2,65
7,8,17,30.4,68
7,8,18,29.5,70
7,8,19,28.5,73
7,8,20,27.9,73
7,8,21,27.5,74
7,8,22,27,77
7,8,23,26.8,79
7,9,0,26.6,80
7,9,1,26.4,80
7,9,2,26.2,81
7,9,3,26.2,81
7,9,4,26.1,82
7,9,5,26.3,78
7,9,6,27.1,77
7,9,7,27.8,76
7,9,8,28.8,73
7,9,9,29.4,70
7,9,10,30.1,67
7,9,11,30.5,66
7,9,12,30.9,66
7,9,13,31.2,66
7,9,14,31,65
7,9,15,30.8,64
7,9,16,30.4,65
7,9,17,30.1,65
7,9,18,29.3,68
7,9,19,27.7,69
7,9,20,27.5,71
7,9,21,27.4,74
7,9,22,27.2,77
7,9,23,26.9,80
7,10,0,26.7,81
7,10,1,26.5,80
7,10,2,26.4,80
7,10,3,26.2,82
7,10,4,26,83
7,10,5,26.2,80
7,10,6,27,78
7,10,7,27.8,75
7,10,8,29.2,72
7,10,9,30.2,70
7,10,10,31.6,66
7,10,11,31.6,65
7,10,12,32.2,65
7,10,13,32.8,62
7,10,14,32.2,63
7,10,15,32,62
7,10,16,31.6,65
7,10,17,31.5,65
7,10,18,30,64
7,10,19,28.2,70
7,10,20,27.8,72
7,10,21,27.6,75
7,10,22,27.4,76
7,10,23,27.6,79
7,11,0,27.8,79
7,11,1,27.8,78
7,11,2,27.6,79
7,11,3,27.5,79
7,11,4,27.3,80
7,11,5,27,81
7,11,6,27.7,79
7,11,7,28.3,78
7,11,8,29.5,75
7,11,9,30.2,72
7,11,10,30.6,69
7,11,11,30.4,65
7,11,12,30.4,67
7,11,13,30.5,65
7,11,14,30.5,65
7,11,15,30.5,65
7,11,16,31.1,62
7,11,17,30.3,64
7,11,18,29.5,62
7,11,19,27.8,68
7,11,20,27.5,70
7,11,21,27.3,74
7,11,22,26.9,75
7,11,23,26.6,78
7,12,0,26.3,80
7,12,1,26,80
7,12,2,25.9,82
7,12,3,25.8,82
7,12,4,25.7,83
7,12,5,25.9,80
7,12,6,26.8,78
7,12,7,27.8,74
7,12,8,29.4,70
7,12,9,30.8,65
7,12,10,31.4,63
7,12,11,31.9,62
7,12,12,32.3,62
7,12,13,32.7,64
7,12,14,32.6,60
7,12,15,32.2,59
7,12,16,31.9,62
7,12,17,31.3,63
7,12,18,30,65
7,12,19,28.4,67
7,12,20,28.3,71
7,12,21,28.1,75
7,12,22,27.9,75
7,12,23,27.8,76